"1","intro_headline","Intro Headline","Your source for all the latest and greatest news, content and happenings in gaming.","Your source for all the latest and greatest news, content and happenings in gaming. [Yes we can change this header]","2016-12-21 06:59:53",NULL
"2","intro_subheadline","Intro Subheadline","Be sure to follow the hub regularly for chances to win incredible prizes and experiences.",NULL,NULL,NULL
"3","subject_password_reset","Password Reset Subject","Mountain Dew Global Gaming - Password Reset",NULL,NULL,NULL
"4","body_password_reset","Password Reset Body","To reset your password, please visit the following link",NULL,NULL,NULL
"26","footer_copy","Footer Copy","Footer Copy Goes Here - Customized By Market",NULL,NULL,NULL
"27","visit_mountain_dew_text","Visit Mountain Dew Text","Visit Mountain Dew Website",NULL,NULL,NULL
"28","rules_text","Rules Text","Rules",NULL,NULL,NULL
"29","privacy_text","Privacy Text","Privacy",NULL,NULL,NULL
"30","copyright_text","Copyright Text","Copyright goes here",NULL,NULL,NULL
"31","sign_in_or_register_title","Sign In Title","Sign In or Register",NULL,NULL,NULL
"32","sign_in_or_register_subone","Sign In Sub One","Please Sign In Below or ",NULL,NULL,NULL
"33","sign_in_or_register_subtwo","Sign In Sub Two Link","Register Here",NULL,NULL,NULL
"34","sign_in_or_register_subthree","Sign In Sub Three","to Continue.",NULL,NULL,NULL
"35","sign_in_forgot_password_text","Sign In Forgot Password Text","Forgot Password?",NULL,NULL,NULL
"36","sign_in_email_wrong_text","Sign In Wrong Email Error","The email and/or password is not valid. Please try again.",NULL,NULL,NULL
"37","sign_in_password_wrong_text","Sign In Wrong Password Error","The email and/or password is not valid. Please try again.",NULL,NULL,NULL
"38","sign_in_or_register_submobile","Sign In Mobile Sub Prompt","To continue, please sign in or register. If you’re registering, you can connect to your Facebook account for quicker access. Login information will be used ONLY to notify winners.",NULL,NULL,NULL
"39","sign_in_login_facebook_prompt","Sign In Login Facebook Prompt","Or connect to your Facebook account to enter. Login information will ONLY be used to notify winners.",NULL,NULL,NULL
"40","registration_title","Registration Title","Registration",NULL,NULL,NULL
"41","registration_legal_one","Registration Legal One","I have read and agree to be bound by the ",NULL,NULL,NULL
"42","registration_legal_two","Registration Legal Two Link","Official Rules",NULL,NULL,NULL
"43","registration_or_text","Or Text","or",NULL,NULL,NULL
"44","registration_complete_title","Registration Complete Title","You’re Registered!",NULL,NULL,NULL
"45","registration_complete_subcopy","Registration Complete Subcopy","Thanks for providing your information. You are now successfully registered in the Gamer Hub!",NULL,NULL,NULL
"46","forgot_password_title","Forgot Password Title","Forgot Password",NULL,NULL,NULL
"47","forgot_password_subcopy","Forgot Password Subcopy","Please provide the email associated with your account.",NULL,NULL,NULL
"48","forgot_password_invalid_email","Forgot Password Invalid Email","*Not a valid email address.",NULL,NULL,NULL
"49","forgot_password_email_sent","Forgot Password Email Sent Copy","Thank you. An email has been sent with instructions on how to reset your password.",NULL,NULL,NULL
"50","password_reset_title","Password Reset Title","Password Reset",NULL,NULL,NULL
"51","password_reset_subcopy","Password Reset Subcopy","Please enter your new password below.",NULL,NULL,NULL
"52","password_reset_mismatch_error","Password Reset Mismatch Error","* Passwords do not match.",NULL,NULL,NULL
"53","password_reset_complete_title","Password Reset Complete Title","Reset Complete.",NULL,NULL,NULL
"54","password_reset_complete_subcopy","Password Reset Complete Subcopy","You have successfully changed your password for the Gamer Hub.",NULL,NULL,NULL
"55","continue_btn_text","Continue Button Text","Continue",NULL,NULL,NULL
"56","submit_btn_text","Submit Button Text","Submit",NULL,NULL,NULL
"57","signin_btn_text","Sign In Button Text","Sign In",NULL,NULL,NULL
"58","legal_rules_text","Legal Rules Text","Rules",NULL,NULL,NULL
"59","legal_privacy_policy_text","Legal Privacy Policy Text","Privacy Policy",NULL,NULL,NULL
"60","legal_terms_and_conditions_text","Terms And Conditions Text","Terms &amp; Conditions",NULL,NULL,NULL
"61","enter_to_win_legal_subcopy","Enter To Win Legal Subcopy","Legal details go here. Lorem ipsum dolor sit amet, consectetur adipisicing elit, sed do eiusmod tempor incididunt ut labore.",NULL,NULL,NULL
"62","enter_to_win_congrats_title","Congratulations Title","Congratulations!",NULL,NULL,NULL
"63","enter_to_win_congrats_subcopy","Congratulations Subcopy","You have been entered for a [PRIZE DETAILS]! Every code you enter from here on out is another chance to win. Don’t forget to come back to keep entering!",NULL,NULL,NULL
"64","enter_to_win_placeholder_one","Enter To Win Placeholder One","Enter Codes Here",NULL,NULL,NULL
"65","enter_to_win_placeholder_two","Enter To Win Placeholder One","Enter More Codes",NULL,NULL,NULL
"66","submit_to_win_legal_subcopy","Submit To Win Legal Subcopy","Legal details go here. Lorem ipsum dolor sit amet, consectetur adipisicing elit, sed do eiusmod tempor incididunt ut labore.",NULL,NULL,NULL
"67","submit_to_win_upload_more_text","Submit To Win Upload More Text","Upload More",NULL,NULL,NULL
"68","submit_to_win_upload_more_text","Submit To Win Upload More Text","Upload More",NULL,NULL,NULL
"69","submit_to_win_more_challenges_text","Submit To Win More Challenges Text","More Challenges",NULL,NULL,NULL
"70","cancel_btn_text","Cancel Button Text","Cancel",NULL,NULL,NULL
"71","change_btn_text","Change Button Text","Change",NULL,NULL,NULL
"72","select_file_to_upload_text","Select File To Upload Text","Select File To Upload",NULL,NULL,NULL
"73","like_to_vote_image_text","Like To Vote For Image Text","Like this to vote for this image!",NULL,NULL,NULL
"74","submit_to_win_confirm_image_title","Submit To Win Confirm Image Title","Confirm Your Image	",NULL,NULL,NULL
"75","submit_to_win_confirm_image_subcopy","Submit To Win Confirm Image Subcopy","The image you’ve uploaded is shown on the right. Please confirm that the image is correct and don’t forget to add in a description below!",NULL,NULL,NULL
"76","submit_to_win_confirm_image_legal_one","Submit To Win Confirm Iegal One","I have read and agree to be bound by the",NULL,NULL,NULL
"77","submit_to_win_confirm_image_legal_two","Submit To Win Confirm Iegal Two","Official Rules",NULL,NULL,NULL
"78","submit_to_win_confirm_image_description","Submit To Image Description","Add Copy To Describe Your Image",NULL,NULL,NULL
"79","content_provided_by_text","Content Provided By Text","Content provided by",NULL,NULL,NULL
"80","image_gallery_cta","Image Gallery CTA","View the gallery. Click to enlarge.",NULL,NULL,NULL
"81","no_events_text","No Events Text","No Events",NULL,NULL,NULL
"82","read_more_text","Read More Text","Read More",NULL,NULL,NULL
"83","email_text","Email Placeholder Text","Email",NULL,NULL,NULL
"84","password_text","Password Placeholder Text","Password",NULL,NULL,NULL
"85","new_password_text","New Password Placeholder Text","New Password",NULL,NULL,NULL
"86","retype_password_text","Retype Password Text","Retype Password",NULL,NULL,NULL
"87","submit_to_win_error","Submit To Win Error","Please provide an image file",NULL,NULL,NULL
"88","enter_to_win_error_missing","Enter To Win Missing Code Error","Please enter a valid code",NULL,NULL,NULL
"89","enter_to_win_entered","Enter To Win Code Entered","Code entered!",NULL,NULL,NULL
"90","enter_to_win_error_invalid","Enter To Win Code Invalid","This code is not valid. Please try a different code.",NULL,NULL,NULL
"91","enter_to_win_error_redeemed","Enter To Win Code Already Redeemed","This code has already been redeemed. Please try a different code.",NULL,NULL,NULL
"92","enter_to_win_cannot_vote","Enter To Win Cannot Vote","Sorry, you can not enter again right now. Please try again later.",NULL,NULL,NULL
"93","community_poll_error","Community Poll No Answer Selected","Please select an answer to vote.",NULL,NULL,NULL
"95","submit_to_win_cannot_submit","Submit to Win Cannot Submit","You cannot submit again right now. Please try again later.",NULL,NULL,NULL
"96","enter_to_win_congrats_subcopy_2","Congratulations Subcopy for Additional Codes","You have been entered for a [PRIZE DETAILS]! Every code you enter from here on out is another chance to win. Don’t forget to come back to keep entering!",NULL,NULL,NULL
"97","enter_to_win_error_incorrect","Enter To Win Invalid Attempts Limit","You have reached your maximum code entry attempts. Please come back tomorrow.",NULL,NULL,NULL
"98","enter_to_win_login","Enter To Win Login Button","Login or Register to Enter",NULL,NULL,NULL
"99","gallery_instructions_mobile","Gallery Mobile Instructions","View the gallery. Click to enlarge.",NULL,NULL,NULL
"100","enter_to_win_submit_button","Enter To Win Submit Button","Enter Now",NULL,NULL,NULL
"101","skill_submit_button","Submit to Win (Skill) Submit Button","Submit",NULL,NULL,NULL
"102","skill_next_button","Submit to Win (Skill) Next Button","Next",NULL,NULL,NULL
"103","skill_start_button","Submit to Win (Skill) Start Button","Start",NULL,NULL,NULL
"104","skill_single_error","Submit to Win (Skill) Single Question Error","Please provide a response to the question.",NULL,NULL,NULL
"105","skill_legal_subcopy","Submit to Win (Skill) Legal Subcopy","Legal details go here. Lorem ipsum dolor sit amet, consectetur adipisicing elit, sed do eiusmod tempor incididunt ut labore.",NULL,NULL,NULL
"106","skill_cannot_submit","Submit to Win (Skill) Cannot Enter Copy","Sorry, you cannot enter again at this time. Please try again later.",NULL,NULL,NULL
"107","skill_finished_title","Submit to Win (Skill) Finished Title","Congratulations!",NULL,NULL,NULL
"108","skill_finished_more_button","Submit to Win (Skill) Finished More Button","Enter Again",NULL,NULL,NULL
"109","titanfall_prize1_title","Titanfall Prize 1 Title","Dew Warpaint Titan",NULL,"2016-12-14 03:41:57","2016-12-14 03:41:57"
"110","titanfall_prize2_title","Titanfall Prize 2 Title","Early Access to the Ronin Titan",NULL,"2016-12-14 03:41:57","2016-12-14 03:41:57"
"111","titanfall_prize2_title_mobile","Titanfall Prize 2 Title - Mobile","Ronin Titan",NULL,"2016-12-14 03:41:57","2016-12-14 03:41:57"
"112","titanfall_prize3_title","Titanfall Prize 3 Title","Pilot Execution",NULL,"2016-12-14 03:41:57","2016-12-14 03:41:57"
"113","titanfall_prize_coliseum_entry","Titanfall Prize Coliseum Entry Title","Coliseum Entry",NULL,"2016-12-14 03:41:57","2016-12-14 03:41:57"
"114","titanfall_prize_2xp","Titanfall Prize 2XP Title","2XP",NULL,"2016-12-14 03:41:57","2016-12-14 03:41:57"
"115","titanfall_prize_sweeps","Titanfall Prize Sweeps Title","Sweepstakes Entry",NULL,"2016-12-14 03:41:57","2016-12-14 03:41:57"
"116","titanfall_step1_title","Titanfall Step 1 Title","Grab Codes",NULL,"2016-12-14 03:41:57","2016-12-14 03:41:57"
"117","titanfall_step2_title","Titanfall Step 2 Title","Create Your Account",NULL,"2016-12-14 03:41:57","2016-12-14 03:41:57"
"118","titanfall_step3_title","Titanfall Step 3 Title","Enter & Win Rewards",NULL,"2016-12-14 03:41:57","2016-12-14 03:41:57"
"119","titanfall_step2_copy","Titanfall Step 2 Copy","Visit the Gamer Hub online to create your account and enter codes for a chance to win.",NULL,"2016-12-14 03:41:57","2016-12-14 03:41:57"
"120","titanfall_step3_copy","Titanfall Step 3 Copy","Enter your codes to unlock 2XP, a Coliseum entry and a chance at one of three exclusive Titan rewards!",NULL,"2016-12-14 03:41:57","2016-12-14 03:41:57"
"121","titanfall_carousel_2xp","Titanfall Carousel 2XP Copy","Every code unlocks 2XP",NULL,"2016-12-14 03:41:57","2016-12-14 03:41:57"
"122","titanfall_carousel_coliseum","Titanfall Carousel Coliseum Copy","A Coliseum Entry",NULL,"2016-12-14 03:41:57","2016-12-14 03:41:57"
"123","titanfall_carousel_sweeps","Titanfall Carousel Sweeps Copy","A sweepstakes entry",NULL,"2016-12-14 03:41:57","2016-12-14 03:41:57"
"124","titanfall_carousel_rewards","Titanfall Carousel Rewards Copy","A chance at one of three exclusive Titan rewards",NULL,"2016-12-14 03:41:57","2016-12-14 03:41:57"
"125","titanfall_login_register_btn","Titanfall Login/Register Button","Login or Register",NULL,"2016-12-14 03:41:57","2016-12-14 03:41:57"
"126","titanfall_intro_side_copy","Titanfall Intro Side Copy","Every code entered gives you 2XP and a coliseum entry",NULL,"2016-12-14 03:41:57","2016-12-14 03:41:57"
"127","titanfall_enter_title","Titanfall Enter Title","Enter your code",NULL,"2016-12-14 03:41:57","2016-12-14 03:41:57"
"128","titanfall_enter_copy","Titanfall Enter Copy","Enter codes for the chance to unlock 2XP, a coliseum entry and one of three exclusive Titan rewards!",NULL,"2016-12-14 03:41:57","2016-12-14 03:41:57"
"129","titanfall_enter_field","Titanfall Enter Field","Enter code here",NULL,"2016-12-14 03:41:57","2016-12-14 03:41:57"
"130","titanfall_enter_side_copy","Titanfall Enter Side Copy","Every code entered gives you 2XP and a coliseum entry",NULL,"2016-12-14 03:41:57","2016-12-14 03:41:57"
"131","titanfall_submit_btn","Titanfall Submit Button","Submit",NULL,"2016-12-14 03:41:57","2016-12-14 03:41:57"
"132","titanfall_thanks_congratulations","Titanfall Thanks Congratulations","Congratulations!",NULL,"2016-12-14 03:41:57","2016-12-14 03:41:57"
"133","titanfall_thanks_copy","Titanfall Thanks Copy","The code you entered has earned you a reward. We've already added it to your registered EA account. Come back each day to enter codes for the chance at more rewards.",NULL,"2016-12-14 03:41:57","2016-12-14 03:41:57"
"134","titanfall_thanks_reward_generic","Titanfall Generic Reward Copy","The code you entered has earned you a reward",NULL,"2016-12-14 03:41:57","2016-12-14 03:41:57"
"135","titanfall_thanks_sweeps_generic","Titanfall Generic Sweeps Copy","The code you entered has earned you a sweeps entry",NULL,"2016-12-14 03:41:57","2016-12-14 03:41:57"
"136","titanfall_thanks_2xp","Titanfall Thanks 2XP Copy","Make every moment count. <span class=""green-emphasis"">Get 2XP</span> to enhance your game play.",NULL,"2016-12-14 03:41:57","2016-12-14 03:41:57"
"137","titanfall_thanks_coliseum","Titanfall Thanks Coliseum Copy","Find your spotlight in the Coliseum with an <span class=""green-emphasis"">early access pass.</span>",NULL,"2016-12-14 03:41:57","2016-12-14 03:41:57"
"138","titanfall_thanks_sweeps","Titanfall Thanks Sweeps Copy","You've scored a sweepstakes entry for an <span class=""green-emphasis"">[PRIZE].</span>",NULL,"2016-12-14 03:41:57","2016-12-14 03:41:57"
"139","titanfall_thanks_ticket","Titanfall Thanks Early Access Ticket Copy","Instead of grinding until you've proven yourself for the coliseum, <span class=""green-emphasis"">grab a code and get your entry for early access.</span>",NULL,"2016-12-14 03:41:57","2016-12-14 03:41:57"
"140","titanfall_thanks_again_copy","Titanfall Thanks Again Copy","Every code gives you the chance to unlock a Dew Titan, Ronin Titan, or a Pilot Execution. Keep entering codes for your chance to unlock all three.",NULL,"2016-12-14 03:41:57","2016-12-14 03:41:57"
"141","titanfall_thanks_enter_more_button","Titanfall Thanks Enter More Codes Button","Enter More Codes",NULL,"2016-12-14 03:41:57","2016-12-14 03:41:57"
"142","titanfall_question_copy","Titanfall Skill Question Copy","Answer the question below to continue.",NULL,"2016-12-14 03:41:57","2016-12-14 03:41:57"
"143","titanfall_no_code_error","Titanfall No Code Error","Please provide a code to continue.",NULL,"2016-12-14 03:41:57","2016-12-14 03:41:57"
"144","titanfall_question_error","Titanfall No Skill Answer Error","Please provide an answer to continue.",NULL,"2016-12-14 03:41:57","2016-12-14 03:41:57"
"145","titanfall_invalid_code_error","Titanfall Invalid Code Error","This code is invalid. Please try again.",NULL,"2016-12-14 03:41:57","2016-12-14 03:41:57"
"146","titanfall_rules_link","Titanfall Rules Link","Rules",NULL,"2016-12-14 03:41:57","2016-12-14 03:41:57"
"147","titanfall_terms_link","Titanfall Terms Link","Terms & Conditions",NULL,"2016-12-14 03:41:57","2016-12-14 03:41:57"
"148","titanfall_privacy_link","Titanfall Privacy Link","Privacy Policy",NULL,"2016-12-14 03:41:57","2016-12-14 03:41:57"
"149","titanfall_legal_copy","Titanfall Legal Copy","(ages 16+). codes expire 12/31/2016. requires titanfall 2 on applicable platform (sold separately). limit of 1000 codes per person and a maximum of 20 or more matches per day, void where prohibited.",NULL,"2016-12-14 03:41:57","2016-12-14 03:41:57"
"150","ea_connect_title","EA Connect Title","Connect Notice",NULL,"2016-12-14 03:41:57","2016-12-14 03:41:57"
"151","ea_connect_copy","EA Connect Copy","To complete your registration for Fuel Your Titan,  connect to your gaming console account. Click continue to select an account and link your rewards. All future rewards will automatically be applied to the account you registered with.",NULL,"2016-12-14 03:41:57","2016-12-14 03:41:57"
"152","ea_connect_btn","EA Connect Button","Continue",NULL,"2016-12-14 03:41:57","2016-12-14 03:41:57"
"153","ea_registration_copy","EA Registration Checkbox Truncated","EA may email me directly about Titanfall 2 and other EA products, news, events and promotions.",NULL,"2016-12-14 03:41:57","2016-12-14 03:41:57"
"154","ea_registration_copy_full","EA Registration Checkbox Full","EA may email me directly about Titanfall 2 and other EA products, news, events and promotions. I agree to share my name and email address with EA to send me emails and use per its privacy policy, available at <a href=""http://www.ea.com/privacy-policy"" target=""_blank"">http://www.ea.com/privacy-policy</a>. To withdraw this consent at any time, write to EA, ATTN: Email Opt-Out, at 209 Redwood Shores Parkway, Redwood City, CA 94065.",NULL,"2016-12-14 03:41:57","2016-12-14 03:41:57"
"155","ea_registration_copy_more","EA Registration Checkbox Read More Link","(Read more)",NULL,"2016-12-14 03:41:57","2016-12-14 03:41:57"
"156","unexpected_error","Unexpected Error","An unexpected error occurred. Please try again.",NULL,"2016-12-14 03:41:57","2016-12-14 03:41:57"
"157","logout","Logout Button","Logout",NULL,"2016-12-14 03:41:57","2016-12-14 03:41:57"
"158","twitch_ie9","Twitch IE9 Warning","Please update your browser to the latest version to view this stream.",NULL,"2016-12-14 03:41:57","2016-12-14 03:41:57"
"159","registration_label_first_name","Registration First Name Label","First Name",NULL,"2016-12-14 03:41:57","2016-12-14 03:41:57"
"160","registration_label_last_name","Registration Last Name Label","Last Name",NULL,"2016-12-14 03:41:57","2016-12-14 03:41:57"
"161","registration_label_email","Registration Email Label","Email",NULL,"2016-12-14 03:41:57","2016-12-14 03:41:57"
"162","registration_label_phone","Registration Phone Label","Phone",NULL,"2016-12-14 03:41:57","2016-12-14 03:41:57"
"163","registration_label_address","Registration Address Label","Address",NULL,"2016-12-14 03:41:57","2016-12-14 03:41:57"
"164","registration_label_city","Registration City Label","City",NULL,"2016-12-14 03:41:57","2016-12-14 03:41:57"
"165","registration_label_zip","Registration Postal Code Label","Postal Code",NULL,"2016-12-14 03:41:57","2016-12-14 03:41:57"
"166","registration_label_country","Registration Country Label","Country",NULL,"2016-12-14 03:41:57","2016-12-14 03:41:57"
"167","registration_label_birthday","Registration Birthday Label","Birthday",NULL,"2016-12-14 03:41:57","2016-12-14 03:41:57"
"168","registration_label_password","Registration Password Label","Password",NULL,"2016-12-14 03:41:57","2016-12-14 03:41:57"
